{
  "n_eval": 417,
  "chance_accuracy": 0.25,
  "baseline_accuracy": 0.460431654676259,
  "targeted_accuracy": 0.4556354916067146,
  "random_control_accuracy": 0.47002398081534774,
  "freq_matched_accuracy": 0.4676258992805755,
  "baseline_ppl": 15.288091761627678,
  "factual_features": [
    6583,
    8162,
    14026,
    15686,
    436,
    8246,
    15967,
    10923,
    4036,
    7498,
    9494,
    8338,
    2762,
    6379,
    3183,
    15644,
    6768,
    15407,
    10701,
    6673,
    11356,
    4646,
    1063,
    7396,
    1483,
    2523,
    3827,
    2242,
    8192,
    10844,
    4131,
    8957,
    15397,
    7926,
    11475,
    14815,
    728,
    8906,
    213,
    4474,
    7518,
    7411,
    5831,
    1377,
    5372,
    7517,
    11031,
    770,
    407,
    14892,
    14371,
    3425,
    16067,
    2785,
    8283,
    15193,
    757,
    12126,
    14388,
    14212,
    6643,
    626,
    5095,
    11566,
    5883,
    7633,
    12569,
    1516,
    127,
    8054,
    6837,
    830,
    13678,
    8117,
    6104,
    5536,
    11015,
    15496,
    3459,
    14049,
    15480,
    15049,
    9750,
    10132,
    14930,
    6378,
    2582,
    749,
    6435,
    6352,
    11309,
    3988,
    612,
    14915,
    7680,
    8335,
    8067,
    5563,
    15579,
    3695,
    10894,
    1641,
    2909,
    8432,
    13817,
    14741,
    16167,
    15788,
    4473,
    7015,
    2500,
    9461,
    13152,
    1233,
    11396,
    5894,
    3151,
    7109,
    9329,
    8345,
    10631,
    4288,
    13701,
    3953,
    2783,
    15053,
    11268,
    9480,
    1616,
    4438,
    11515,
    6712,
    7197,
    2305,
    7038,
    5980,
    4860,
    11513,
    10667,
    2807,
    4649,
    3138,
    5231,
    11343,
    16224,
    6027,
    10984,
    5315,
    4811,
    1529,
    13,
    9253,
    15498,
    13710,
    9262,
    802,
    6715,
    14418,
    4213,
    6707,
    1784,
    7042,
    6733,
    5012,
    1807,
    3001,
    8878,
    5035,
    13879,
    1546,
    592,
    9583,
    10642,
    1480,
    4537,
    14670,
    6401,
    3121,
    6310,
    4916,
    3436,
    9604,
    4935,
    1828,
    11913,
    2829,
    10940,
    1083,
    8777,
    12472,
    4434,
    6335,
    13684,
    8208,
    12138,
    13248,
    9928,
    12534,
    6590,
    14736
  ],
  "random_features": [
    10613,
    1852,
    413,
    12309,
    4566,
    4064,
    3705,
    2316,
    12226,
    1704,
    11235,
    12295,
    14797,
    9061,
    1442,
    9809,
    7009,
    525,
    493,
    1558,
    3629,
    3860,
    8400,
    9999,
    439,
    9323,
    3301,
    11888,
    10788,
    11647,
    9054,
    6970,
    3658,
    7463,
    9789,
    4617,
    13426,
    14419,
    107,
    12595,
    13367,
    2648,
    11595,
    7022,
    5648,
    4612,
    2579,
    3574,
    15878,
    12672,
    5588,
    1699,
    1541,
    6304,
    1607,
    5958,
    14058,
    5709,
    10027,
    4388,
    13388,
    719,
    12113,
    7635,
    8910,
    2073,
    16141,
    15297,
    6281,
    1308,
    9170,
    4867,
    13757,
    10436,
    10270,
    14685,
    14292,
    6003,
    9592,
    3194,
    11700,
    1155,
    761,
    10979,
    3781,
    12828,
    4803,
    16341,
    1324,
    14186,
    3863,
    14370,
    1679,
    6307,
    4614,
    7535,
    10552,
    13836,
    6056,
    2697,
    6145,
    5897,
    3479,
    11128,
    4429,
    11655,
    15538,
    11350,
    10758,
    1185,
    10116,
    10540,
    2841,
    8874,
    12104,
    4062,
    2710,
    7682,
    6296,
    4481,
    15348,
    10622,
    11427,
    9251,
    3645,
    11368,
    5385,
    13980,
    12751,
    12876,
    930,
    3800,
    13629,
    530,
    13354,
    5238,
    6662,
    4443,
    1100,
    3503,
    15146,
    15641,
    9421,
    14535,
    11920,
    5224,
    3530,
    10880,
    8297,
    6569,
    14672,
    15169,
    10672,
    7624,
    2370,
    4394,
    2317,
    4092,
    12365,
    9325,
    8955,
    4359,
    12399,
    9711,
    7120,
    14890,
    9694,
    6632,
    6008,
    3640,
    2295,
    8470,
    8200,
    1509,
    12544,
    783,
    14282,
    1823,
    2536,
    10417,
    2654,
    13140,
    11298,
    7013,
    9906,
    1054,
    6389,
    6333,
    9898,
    7777,
    8792,
    4172,
    16108,
    9190,
    14277,
    15633,
    190,
    11294,
    11966,
    1904
  ],
  "freq_matched_features": [
    11319,
    14674,
    8922,
    12462,
    4426,
    12755,
    10639,
    5647,
    1855,
    4872,
    7225,
    2624,
    7540,
    54,
    15823,
    11988,
    14526,
    11949,
    4370,
    16121,
    8319,
    12646,
    2966,
    8439,
    15138,
    1768,
    14439,
    10381,
    4955,
    13960,
    10605,
    10113,
    3302,
    2536,
    6206,
    12655,
    2679,
    8963,
    15818,
    12920,
    15300,
    8812,
    15235,
    9,
    9949,
    5382,
    8118,
    322,
    1860,
    15411,
    6025,
    14573,
    16343,
    13795,
    13383,
    5107,
    3973,
    963,
    3997,
    14562,
    9424,
    15709,
    1307,
    1421,
    12151,
    8074,
    13534,
    1149,
    16222,
    12624,
    8850,
    12710,
    2088,
    2131,
    10954,
    7896,
    15708,
    9133,
    2738,
    4397,
    8767,
    14470,
    10074,
    7030,
    15997,
    3517,
    15408,
    8961,
    12536,
    12117,
    11455,
    3339,
    11837,
    5176,
    6626,
    11152,
    10788,
    6198,
    7279,
    14922,
    8601,
    7502,
    2010,
    4113,
    3729,
    1064,
    5613,
    347,
    9773,
    9201,
    3818,
    9776,
    3655,
    118,
    1179,
    11754,
    10476,
    978,
    3798,
    1120,
    15018,
    519,
    14258,
    5485,
    1176,
    8545,
    3948,
    4622,
    11108,
    8064,
    3557,
    8960,
    2195,
    12009,
    15519,
    14633,
    9486,
    9572,
    7853,
    4032,
    13018,
    7858,
    13395,
    6764,
    3162,
    1568,
    1611,
    10941,
    7163,
    5879,
    7037,
    6831,
    7760,
    14327,
    12103,
    901,
    11180,
    10848,
    16324,
    10728,
    1636,
    1007,
    6687,
    12089,
    5633,
    13281,
    14291,
    1817,
    4125,
    3182,
    3159,
    8911,
    7454,
    2326,
    7009,
    3046,
    4623,
    7688,
    4145,
    14504,
    15313,
    1252,
    7362,
    13403,
    14286,
    14197,
    9142,
    1628,
    842,
    10825,
    8982,
    13867,
    244,
    16074,
    1551,
    15364,
    12507,
    14078,
    3921,
    2757
  ],
  "config": {
    "model_preset": null,
    "n_profile": 400,
    "n_eval": 417,
    "top_k": 200
  }
}