{
  "n_eval": 417,
  "chance_accuracy": 0.25,
  "baseline_accuracy": 0.31894484412470026,
  "targeted_accuracy": 0.37170263788968827,
  "random_control_accuracy": 0.36930455635491605,
  "freq_matched_accuracy": 0.37410071942446044,
  "baseline_ppl": 96.15600241786018,
  "factual_features": [
    5355,
    21809,
    1812,
    24696,
    531,
    31083,
    21853,
    20526,
    3637,
    25770,
    7945,
    25644,
    7254,
    29951,
    16735,
    24137,
    113,
    12789,
    28987,
    19894,
    7813,
    24108,
    26405,
    17362,
    15970,
    7691,
    10925,
    31236,
    1491,
    22160,
    12770,
    6467,
    22058,
    5924,
    3554,
    6516,
    19377,
    2063,
    7506,
    18595,
    3173,
    23118,
    22204,
    21284,
    4309,
    2218,
    19417,
    22622,
    21883,
    15281,
    25444,
    29565,
    30252,
    20632,
    93,
    5509,
    8923,
    31950,
    29708,
    32080,
    5473,
    28221,
    32588,
    2655,
    1684,
    22198,
    1788,
    20588,
    19890,
    32727,
    27082,
    31542,
    26092,
    5032,
    17833,
    21112,
    15192,
    7452,
    4131,
    3431,
    387,
    30684,
    21966,
    6550,
    14073,
    12108,
    18776,
    31249,
    7323,
    2368,
    6112,
    28410,
    32236,
    9721,
    12076,
    12170,
    4575,
    10490,
    9918,
    12177
  ],
  "random_features": [
    21014,
    3664,
    823,
    24375,
    9048,
    8059,
    7344,
    4591,
    24208,
    3371,
    22246,
    24346,
    29320,
    17923,
    2860,
    19405,
    13871,
    1045,
    980,
    3082,
    7192,
    7655,
    16609,
    19783,
    873,
    18443,
    6542,
    23536,
    21359,
    23054,
    17909,
    13792,
    7251,
    14766,
    19364,
    9151,
    26605,
    28570,
    214,
    24941,
    26487,
    5251,
    22949,
    13894,
    11189,
    9141,
    5114,
    7083,
    31459,
    25095,
    11069,
    3362,
    3051,
    12493,
    3182,
    11803,
    27853,
    11310,
    19839,
    8702,
    26529,
    1427,
    23985,
    15101,
    17623,
    4106,
    31983,
    30311,
    12447,
    2593,
    18142,
    9642,
    27260,
    20661,
    20326,
    29100,
    28320,
    11890,
    18973,
    6325,
    23161,
    2289,
    1506,
    21732,
    7498,
    25408,
    9518,
    32381,
    2625,
    28110,
    7660,
    28477,
    3322,
    12499,
    9144,
    14904,
    20892,
    27415,
    11994,
    5349
  ],
  "freq_matched_features": [
    12173,
    11681,
    6893,
    22028,
    8783,
    23070,
    30783,
    22470,
    21298,
    2349,
    20019,
    20868,
    5630,
    17554,
    23966,
    8056,
    5375,
    15195,
    12477,
    8880,
    32522,
    30413,
    21033,
    22621,
    18303,
    7224,
    22505,
    10665,
    27701,
    25253,
    25505,
    1840,
    7537,
    27010,
    1055,
    26461,
    10374,
    13191,
    8808,
    2177,
    6941,
    30010,
    30988,
    18639,
    28801,
    23598,
    10349,
    6995,
    21541,
    16408,
    13010,
    29075,
    30056,
    21127,
    15082,
    4700,
    8714,
    4594,
    8116,
    24487,
    18447,
    17713,
    8644,
    24554,
    19210,
    14085,
    29505,
    19176,
    13133,
    11901,
    7214,
    4550,
    16747,
    16221,
    2990,
    24842,
    1548,
    28300,
    3607,
    5027,
    20621,
    5262,
    26034,
    22370,
    13879,
    19600,
    2090,
    12652,
    12548,
    19583,
    32740,
    15386,
    17390,
    8273,
    31915,
    18181,
    28290,
    30972,
    378,
    22363
  ],
  "config": {
    "model_preset": null,
    "n_profile": 400,
    "n_eval": 417,
    "top_k": 100
  }
}